Type,Name,Request Count,Failure Count,Median Response Time,Average Response Time,Min Response Time,Max Response Time,Average Content Size,Requests/s,Failures/s,50%,66%,75%,80%,90%,95%,98%,99%,99.9%,99.99%,100%
GET,/continuewatchinghistory,9336,1,150.0,157.70129938999634,118.55712400000584,1021.3487610000005,17422.254605826907,18.837814168943826,0.002017760729321318,150,150,160,160,170,180,270,340,940,1000,1000
,Aggregated,9336,1,150.0,157.70129938999634,118.55712400000584,1021.3487610000005,17422.254605826907,18.837814168943826,0.002017760729321318,150,150,160,160,170,180,270,340,940,1000,1000
