Type,Name,Request Count,Failure Count,Median Response Time,Average Response Time,Min Response Time,Max Response Time,Average Content Size,Requests/s,Failures/s,50%,66%,75%,80%,90%,95%,98%,99%,99.9%,99.99%,100%
GET,/continuewatchinghistory,12136,1,150.0,170.8609946783942,127.35290400000565,1886.9076149999983,1329.3995550428476,18.709904912571666,0.001541686298003598,150,160,160,160,170,290,590,610,940,1800,1900
,Aggregated,12136,1,150.0,170.8609946783942,127.35290400000565,1886.9076149999983,1329.3995550428476,18.709904912571666,0.001541686298003598,150,160,160,160,170,290,590,610,940,1800,1900
