Type,Name,Request Count,Failure Count,Median Response Time,Average Response Time,Min Response Time,Max Response Time,Average Content Size,Requests/s,Failures/s,50%,66%,75%,80%,90%,95%,98%,99%,99.9%,99.99%,100%
GET,/continuewatchinghistory,13381,0,150.0,153.87383100015018,126.44413299999968,968.3646840000008,5820.96039160003,18.839923159688215,0.0,150,150,160,160,170,170,210,290,950,970,970
,Aggregated,13381,0,150.0,153.87383100015018,126.44413299999968,968.3646840000008,5820.96039160003,18.839923159688215,0.0,150,150,160,160,170,170,210,290,950,970,970
